{
    "daily_scan": {
        "enabled": true,
        "time": "17:00",
        "days": ["Monday", "Tuesday", "Wednesday", "Thursday", "Friday"],
        "symbols": [],
        "timeframe": "1day",
        "lookback_days": 30
    },
    "hourly_scan": {
        "enabled": false,
        "interval_hours": 1,
        "start_time": "09:30",
        "end_time": "16:00",
        "days": ["Monday", "Tuesday", "Wednesday", "Thursday", "Friday"],
        "symbols": [],
        "timeframe": "1hour",
        "lookback_days": 5
    },
    "weekly_scan": {
        "enabled": true,
        "day": "Friday",
        "time": "18:00",
        "symbols": [],
        "timeframe": "1week",
        "lookback_days": 90
    }
}
