{
    "AAPL": {
        "open": 197.2,
        "high": 198.8335,
        "low": 194.42,
        "close": 196.98,
        "volume": 52164675.0,
        "sma_14": 199.85642857142858,
        "sma_40": NaN,
        "ema_9": 198.04853406433796,
        "ema_21": 204.00590079989703,
        "rsi": 43.379050679738015,
        "macd": NaN,
        "macd_signal": NaN,
        "macd_hist": NaN,
        "bollinger_upper": NaN,
        "bollinger_middle": NaN,
        "bollinger_lower": NaN,
        "atr": 10.857403339382392,
        "stoch_k": 49.22877012722941,
        "stoch_d": 50.67650654701862,
        "adx": 16.826172324835113,
        "support": NaN,
        "resistance": NaN,
        "trend_direction": "Neutral",
        "trend_strength": 16.826172324835113,
        "volume_analysis": "Neutral",
        "pattern_signals": [],
        "stop_loss": 183.1914,
        "price_target_1d": 196.98,
        "price_target_1w": 196.98,
        "price_target_1m": 196.98,
        "signal_type": "Bearish",
        "confidence_score": 40.0,
        "short_term_sentiment": "Neutral",
        "short_term_evidence": "Moderate Evidence",
        "medium_term_sentiment": "Neutral",
        "medium_term_evidence": "Moderate Evidence",
        "long_term_sentiment": "Neutral",
        "long_term_evidence": "Moderate Evidence",
        "buy_price": NaN,
        "sell_price": NaN
    },
    "MSFT": {
        "open": 363.0,
        "high": 364.48,
        "low": 355.6738,
        "close": 359.12,
        "volume": 20764349.0,
        "sma_14": 374.4314285714286,
        "sma_40": NaN,
        "ema_9": 373.43880523601996,
        "ema_21": 378.2732315099692,
        "rsi": 36.23122238930775,
        "macd": NaN,
        "macd_signal": NaN,
        "macd_hist": NaN,
        "bollinger_upper": 403.17968620685815,
        "bollinger_middle": 378.25100000000003,
        "bollinger_lower": 353.3223137931419,
        "atr": 13.360780272868071,
        "stoch_k": 28.740473325310862,
        "stoch_d": 42.88006417970316,
        "adx": 20.997530878604543,
        "support": NaN,
        "resistance": NaN,
        "trend_direction": "Neutral",
        "trend_strength": 20.997530878604543,
        "volume_analysis": "Neutral",
        "pattern_signals": [],
        "stop_loss": 333.9816,
        "price_target_1d": 359.12,
        "price_target_1w": NaN,
        "price_target_1m": NaN,
        "signal_type": "Bearish",
        "confidence_score": 40.0,
        "short_term_sentiment": "Neutral",
        "short_term_evidence": "Moderate Evidence",
        "medium_term_sentiment": "Neutral",
        "medium_term_evidence": "Moderate Evidence",
        "long_term_sentiment": "Neutral",
        "long_term_evidence": "Moderate Evidence",
        "buy_price": NaN,
        "sell_price": NaN,
        "expected_movement_1d_pct": 0.0,
        "expected_movement_1w_pct": NaN,
        "expected_movement_1m_pct": NaN,
        "prediction_confidence": 33.6
    },
    "GOOGL": {
        "open": 148.93,
        "high": 148.93,
        "low": 146.1,
        "close": 147.67,
        "volume": 25998566.0,
        "sma_14": 152.7207142857143,
        "sma_40": NaN,
        "ema_9": 152.88027492395656,
        "ema_21": 155.93655141181398,
        "rsi": 37.2885259217648,
        "macd": NaN,
        "macd_signal": NaN,
        "macd_hist": NaN,
        "bollinger_upper": 169.42184976716322,
        "bollinger_middle": 155.63,
        "bollinger_lower": 141.83815023283677,
        "atr": 6.164145416547392,
        "stoch_k": 33.69513921661155,
        "stoch_d": 47.994144843381356,
        "adx": 19.296487335816618,
        "support": NaN,
        "resistance": NaN,
        "trend_direction": "Neutral",
        "trend_strength": 19.296487335816618,
        "volume_analysis": "Neutral",
        "pattern_signals": [],
        "stop_loss": 137.3331,
        "price_target_1d": 147.67,
        "price_target_1w": NaN,
        "price_target_1m": NaN,
        "signal_type": "Bearish",
        "confidence_score": 40.0,
        "short_term_sentiment": "Neutral",
        "short_term_evidence": "Moderate Evidence",
        "medium_term_sentiment": "Neutral",
        "medium_term_evidence": "Moderate Evidence",
        "long_term_sentiment": "Neutral",
        "long_term_evidence": "Moderate Evidence",
        "buy_price": NaN,
        "sell_price": NaN,
        "expected_movement_1d_pct": 0.0,
        "expected_movement_1w_pct": NaN,
        "expected_movement_1m_pct": NaN,
        "prediction_confidence": 33.6
    }
}